{
  "name": "ng-file-upload",
  "main": "ng-file-upload.js",
  "version": "5.0.9",
  "homepage": "https://github.com/danialfarid/ng-file-upload",
  "authors": [
    "danialf <danial.farid@gmail.com>"
  ],
  "description": "Lightweight Angular JS directive to upload files. Support drag&drop, progress and abort",
  "ignore": [],
  "license": "MIT",
  "_release": "5.0.9",
  "_resolution": {
    "type": "version",
    "tag": "5.0.9",
    "commit": "87ec6917d5ec19f38d7ead3cfe393c33088c61de"
  },
  "_source": "git://github.com/danialfarid/angular-file-upload-bower.git",
  "_target": "~5.0.9",
  "_originalSource": "ng-file-upload",
  "_direct": true
}